/* Data for new system */

INSERT INTO `havfun_new`.`user` (`user_id`, `user_group`, `user_name`, `passcode`, `first_name`, `last_name`, `email`, `status`, `create_timestamp`) VALUES ('2', 'AD', 'abc', '6c7nGrky_ehjM40Ivk3p3-OeoEm9r7NCzmWexUULaa4', 'eefeffafefefe efe', 'eefeff', 'eefeff@gmail.com', 'A', '1970-01-01 08:00:00');
INSERT INTO `havfun_new`.`user` (`user_id`, `user_group`, `user_name`, `passcode`, `first_name`, `last_name`, `email`, `status`, `create_timestamp`) VALUES ('3', 'AD', 'def', '6c7nGrky_ehjM40Ivk3p3-OeoEm9r7NCzmWexUULaa4', 'afefe', 'fejf fekjef', 'afefe@gmail.com', 'I', '1970-01-01 08:00:00');

INSERT INTO `havfun_new`.`forwarder` (`forwarder_id`, `name_en`, `name_hk`, `name_cn`) VALUES ('1', 'Free', 'Free', 'Free');
INSERT INTO `havfun_new`.`forwarder` (`forwarder_id`, `name_en`, `name_hk`, `name_cn`) VALUES ('2', 'SF express', 'SF express', 'SF express');
INSERT INTO `havfun_new`.`forwarder` (`forwarder_id`, `name_en`, `name_hk`, `name_cn`) VALUES ('3', 'HKP eexpress', 'HKP eexpress', 'HKP eexpress');


INSERT INTO `havfun_new`.`courier` ( `forwarder`, `country_code`, `from_weight`, `to_weight`, `base_weight`, `base_cost`, `weight_per_tier`, `charge_per_tier`, `service_charge_percentage`, `fuel_charge_percentage` ) VALUES ( 2, 'CN1', 0, 1501, 500, 49, 500, 2, 6, 6 );
INSERT INTO `havfun_new`.`courier` ( `forwarder`, `country_code`, `from_weight`, `to_weight`, `base_weight`, `base_cost`, `weight_per_tier`, `charge_per_tier`, `service_charge_percentage`, `fuel_charge_percentage` ) VALUES ( 2, 'CN1', 1500, 2501, 500, 53, 1500, 6, 6, 6 );
INSERT INTO `havfun_new`.`courier` ( `forwarder`, `country_code`, `from_weight`, `to_weight`, `base_weight`, `base_cost`, `weight_per_tier`, `charge_per_tier`, `service_charge_percentage`, `fuel_charge_percentage` ) VALUES ( 2, 'CN2', 0, 1501, 500, 55, 500, 6, 6, 6 );
INSERT INTO `havfun_new`.`courier` ( `forwarder`, `country_code`, `from_weight`, `to_weight`, `base_weight`, `base_cost`, `weight_per_tier`, `charge_per_tier`, `service_charge_percentage`, `fuel_charge_percentage` ) VALUES ( 2, 'CN2', 1500, 2501, 500, 67, 1500, 11, 6, 6 );
INSERT INTO `havfun_new`.`courier` ( `forwarder`, `country_code`, `from_weight`, `to_weight`, `base_weight`, `base_cost`, `weight_per_tier`, `charge_per_tier`, `service_charge_percentage`, `fuel_charge_percentage` ) VALUES ( 2, 'CN3', 0, 1501, 500, 56, 500, 7, 6, 6 );
INSERT INTO `havfun_new`.`courier` ( `forwarder`, `country_code`, `from_weight`, `to_weight`, `base_weight`, `base_cost`, `weight_per_tier`, `charge_per_tier`, `service_charge_percentage`, `fuel_charge_percentage` ) VALUES ( 2, 'CN3', 1500, 2501, 500, 70, 1500, 13, 6, 6 );
INSERT INTO `havfun_new`.`courier` ( `forwarder`, `country_code`, `from_weight`, `to_weight`, `base_weight`, `base_cost`, `weight_per_tier`, `charge_per_tier`, `service_charge_percentage`, `fuel_charge_percentage` ) VALUES ( 3, 'AU', 0, 2001, 10, 33, 100, 0.7, 6, 0 );
INSERT INTO `havfun_new`.`courier` ( `forwarder`, `country_code`, `from_weight`, `to_weight`, `base_weight`, `base_cost`, `weight_per_tier`, `charge_per_tier`, `service_charge_percentage`, `fuel_charge_percentage` ) VALUES ( 3, 'BR', 0, 501, 10, 43, 100, 1, 6, 0 );
INSERT INTO `havfun_new`.`courier` ( `forwarder`, `country_code`, `from_weight`, `to_weight`, `base_weight`, `base_cost`, `weight_per_tier`, `charge_per_tier`, `service_charge_percentage`, `fuel_charge_percentage` ) VALUES ( 3, 'BR', 500, 2001, 10, 93, 500, 1.5, 6, 0 );
INSERT INTO `havfun_new`.`courier` ( `forwarder`, `country_code`, `from_weight`, `to_weight`, `base_weight`, `base_cost`, `weight_per_tier`, `charge_per_tier`, `service_charge_percentage`, `fuel_charge_percentage` ) VALUES ( 3, 'CA', 0, 501, 10, 40, 100, 1, 6, 0 );
INSERT INTO `havfun_new`.`courier` ( `forwarder`, `country_code`, `from_weight`, `to_weight`, `base_weight`, `base_cost`, `weight_per_tier`, `charge_per_tier`, `service_charge_percentage`, `fuel_charge_percentage` ) VALUES ( 3, 'CA', 500, 2001, 10, 90, 500, 0.9, 6, 0 );
INSERT INTO `havfun_new`.`courier` ( `forwarder`, `country_code`, `from_weight`, `to_weight`, `base_weight`, `base_cost`, `weight_per_tier`, `charge_per_tier`, `service_charge_percentage`, `fuel_charge_percentage` ) VALUES ( 3, 'DK', 0, 2001, 10, 40, 100, 1, 6, 0 );
INSERT INTO `havfun_new`.`courier` ( `forwarder`, `country_code`, `from_weight`, `to_weight`, `base_weight`, `base_cost`, `weight_per_tier`, `charge_per_tier`, `service_charge_percentage`, `fuel_charge_percentage` ) VALUES ( 3, 'FR', 0, 2001, 10, 27, 100, 0.9, 6, 0 );
INSERT INTO `havfun_new`.`courier` ( `forwarder`, `country_code`, `from_weight`, `to_weight`, `base_weight`, `base_cost`, `weight_per_tier`, `charge_per_tier`, `service_charge_percentage`, `fuel_charge_percentage` ) VALUES ( 3, 'DE', 0, 501, 10, 32, 100, 0.9, 6, 0 );
INSERT INTO `havfun_new`.`courier` ( `forwarder`, `country_code`, `from_weight`, `to_weight`, `base_weight`, `base_cost`, `weight_per_tier`, `charge_per_tier`, `service_charge_percentage`, `fuel_charge_percentage` ) VALUES ( 3, 'DE', 500, 2001, 10, 77, 500, 0.8, 6, 0 );
INSERT INTO `havfun_new`.`courier` ( `forwarder`, `country_code`, `from_weight`, `to_weight`, `base_weight`, `base_cost`, `weight_per_tier`, `charge_per_tier`, `service_charge_percentage`, `fuel_charge_percentage` ) VALUES ( 3, 'GB', 0, 501, 10, 35.5, 100, 0.8, 6, 0 );
INSERT INTO `havfun_new`.`courier` ( `forwarder`, `country_code`, `from_weight`, `to_weight`, `base_weight`, `base_cost`, `weight_per_tier`, `charge_per_tier`, `service_charge_percentage`, `fuel_charge_percentage` ) VALUES ( 3, 'GB', 500, 2001, 10, 75.5, 500, 0.7, 6, 0 );
INSERT INTO `havfun_new`.`courier` ( `forwarder`, `country_code`, `from_weight`, `to_weight`, `base_weight`, `base_cost`, `weight_per_tier`, `charge_per_tier`, `service_charge_percentage`, `fuel_charge_percentage` ) VALUES ( 3, 'IL', 0, 2001, 10, 37, 100, 0.8, 6, 0 );
INSERT INTO `havfun_new`.`courier` ( `forwarder`, `country_code`, `from_weight`, `to_weight`, `base_weight`, `base_cost`, `weight_per_tier`, `charge_per_tier`, `service_charge_percentage`, `fuel_charge_percentage` ) VALUES ( 3, 'JP', 0, 2001, 10, 28, 100, 0.4, 6, 0 );
INSERT INTO `havfun_new`.`courier` ( `forwarder`, `country_code`, `from_weight`, `to_weight`, `base_weight`, `base_cost`, `weight_per_tier`, `charge_per_tier`, `service_charge_percentage`, `fuel_charge_percentage` ) VALUES ( 3, 'KR', 0, 2001, 10, 32, 100, 0.4, 6, 0 );
INSERT INTO `havfun_new`.`courier` ( `forwarder`, `country_code`, `from_weight`, `to_weight`, `base_weight`, `base_cost`, `weight_per_tier`, `charge_per_tier`, `service_charge_percentage`, `fuel_charge_percentage` ) VALUES ( 2, 'MO', 0, 2501, 500, 28, 500, 5, 6, 6 );
INSERT INTO `havfun_new`.`courier` ( `forwarder`, `country_code`, `from_weight`, `to_weight`, `base_weight`, `base_cost`, `weight_per_tier`, `charge_per_tier`, `service_charge_percentage`, `fuel_charge_percentage` ) VALUES ( 3, 'NL', 0, 2001, 10, 41, 100, 1, 6, 0 );
INSERT INTO `havfun_new`.`courier` ( `forwarder`, `country_code`, `from_weight`, `to_weight`, `base_weight`, `base_cost`, `weight_per_tier`, `charge_per_tier`, `service_charge_percentage`, `fuel_charge_percentage` ) VALUES ( 3, 'NZ', 0, 501, 10, 32, 100, 0.8, 6, 0 );
INSERT INTO `havfun_new`.`courier` ( `forwarder`, `country_code`, `from_weight`, `to_weight`, `base_weight`, `base_cost`, `weight_per_tier`, `charge_per_tier`, `service_charge_percentage`, `fuel_charge_percentage` ) VALUES ( 3, 'NZ', 500, 2001, 10, 72, 500, 0.7, 6, 0 );
INSERT INTO `havfun_new`.`courier` ( `forwarder`, `country_code`, `from_weight`, `to_weight`, `base_weight`, `base_cost`, `weight_per_tier`, `charge_per_tier`, `service_charge_percentage`, `fuel_charge_percentage` ) VALUES ( 3, 'NO', 0, 2001, 10, 37, 100, 0.8, 6, 0 );
INSERT INTO `havfun_new`.`courier` ( `forwarder`, `country_code`, `from_weight`, `to_weight`, `base_weight`, `base_cost`, `weight_per_tier`, `charge_per_tier`, `service_charge_percentage`, `fuel_charge_percentage` ) VALUES ( 3, 'RU', 0, 2001, 10, 30.5, 100, 1.2, 6, 0 );
INSERT INTO `havfun_new`.`courier` ( `forwarder`, `country_code`, `from_weight`, `to_weight`, `base_weight`, `base_cost`, `weight_per_tier`, `charge_per_tier`, `service_charge_percentage`, `fuel_charge_percentage` ) VALUES ( 3, 'SG', 0, 2001, 10, 25, 100, 0.4, 6, 0 );
INSERT INTO `havfun_new`.`courier` ( `forwarder`, `country_code`, `from_weight`, `to_weight`, `base_weight`, `base_cost`, `weight_per_tier`, `charge_per_tier`, `service_charge_percentage`, `fuel_charge_percentage` ) VALUES ( 3, 'SE', 0, 2001, 10, 39, 100, 0.9, 6, 0 );
INSERT INTO `havfun_new`.`courier` ( `forwarder`, `country_code`, `from_weight`, `to_weight`, `base_weight`, `base_cost`, `weight_per_tier`, `charge_per_tier`, `service_charge_percentage`, `fuel_charge_percentage` ) VALUES ( 3, 'CH', 0, 2001, 10, 33, 100, 0.9, 6, 0 );
INSERT INTO `havfun_new`.`courier` ( `forwarder`, `country_code`, `from_weight`, `to_weight`, `base_weight`, `base_cost`, `weight_per_tier`, `charge_per_tier`, `service_charge_percentage`, `fuel_charge_percentage` ) VALUES ( 2, 'TW', 0, 2501, 500, 40, 500, 13, 6, 6 );
INSERT INTO `havfun_new`.`courier` ( `forwarder`, `country_code`, `from_weight`, `to_weight`, `base_weight`, `base_cost`, `weight_per_tier`, `charge_per_tier`, `service_charge_percentage`, `fuel_charge_percentage` ) VALUES ( 3, 'US', 0, 501, 10, 22, 100, 0.7, 6, 0 );
INSERT INTO `havfun_new`.`courier` ( `forwarder`, `country_code`, `from_weight`, `to_weight`, `base_weight`, `base_cost`, `weight_per_tier`, `charge_per_tier`, `service_charge_percentage`, `fuel_charge_percentage` ) VALUES ( 3, 'US', 500, 2001, 10, 57, 500, 0.6, 6, 0 );
INSERT INTO `havfun_new`.`courier` ( `forwarder`, `country_code`, `from_weight`, `to_weight`, `base_weight`, `base_cost`, `weight_per_tier`, `charge_per_tier`, `service_charge_percentage`, `fuel_charge_percentage` ) VALUES ( 3, 'VN', 0, 2001, 10, 27, 100, 0.4, 6, 0 );

INSERT INTO `havfun_new`.`country` ( `name_en` ) VALUES ( 'Hong Kong' );
INSERT INTO `havfun_new`.`country` ( `name_en` ) VALUES ( 'China, Mainland (Southern China)' );
INSERT INTO `havfun_new`.`country` ( `name_en` ) VALUES ( 'China, Mainland (Eastern China, South East China)' );
INSERT INTO `havfun_new`.`country` ( `name_en` ) VALUES ( 'China, Mainland (Central China, Western China, Northern China)' );
INSERT INTO `havfun_new`.`country` ( `name_en` ) VALUES ( 'Australia' );
INSERT INTO `havfun_new`.`country` ( `name_en` ) VALUES ( 'Brazil' );
INSERT INTO `havfun_new`.`country` ( `name_en` ) VALUES ( 'Canada' );
INSERT INTO `havfun_new`.`country` ( `name_en` ) VALUES ( 'Denmark' );
INSERT INTO `havfun_new`.`country` ( `name_en` ) VALUES ( 'France' );
INSERT INTO `havfun_new`.`country` ( `name_en` ) VALUES ( 'Germany' );
INSERT INTO `havfun_new`.`country` ( `name_en` ) VALUES ( 'Great Britain' );
INSERT INTO `havfun_new`.`country` ( `name_en` ) VALUES ( 'Israel' );
INSERT INTO `havfun_new`.`country` ( `name_en` ) VALUES ( 'Japan' );
INSERT INTO `havfun_new`.`country` ( `name_en` ) VALUES ( 'Korea, South' );
INSERT INTO `havfun_new`.`country` ( `name_en` ) VALUES ( 'Macau' );
INSERT INTO `havfun_new`.`country` ( `name_en` ) VALUES ( 'Netherlands' );
INSERT INTO `havfun_new`.`country` ( `name_en` ) VALUES ( 'New Zealand' );
INSERT INTO `havfun_new`.`country` ( `name_en` ) VALUES ( 'Norway' );
INSERT INTO `havfun_new`.`country` ( `name_en` ) VALUES ( 'Russia (Russian Federation)' );
INSERT INTO `havfun_new`.`country` ( `name_en` ) VALUES ( 'Singapore' );
INSERT INTO `havfun_new`.`country` ( `name_en` ) VALUES ( 'Sweden' );
INSERT INTO `havfun_new`.`country` ( `name_en` ) VALUES ( 'Switzerland' );
INSERT INTO `havfun_new`.`country` ( `name_en` ) VALUES ( 'Taiwan' );
INSERT INTO `havfun_new`.`country` ( `name_en` ) VALUES ( 'United States of America' );
INSERT INTO `havfun_new`.`country` ( `name_en` ) VALUES ( 'Viet Nam' );

DELETE FROM havfun_new.material where material_id <5000;

INSERT INTO `havfun_new`.`material` (`material_group_id`, `material_index`, `active`, `create_timestamp`) VALUES ('1', '1', '1', '');
INSERT INTO `havfun_new`.`material` (`material_group_id`, `material_index`, `active`, `create_timestamp`) VALUES ('1', '2', '1', '');
INSERT INTO `havfun_new`.`material` (`material_group_id`, `material_index`, `active`, `create_timestamp`) VALUES ('1', '3', '1', '');
INSERT INTO `havfun_new`.`material` (`material_group_id`, `material_index`, `active`, `create_timestamp`) VALUES ('1', '4', '1', '');
INSERT INTO `havfun_new`.`material` (`material_group_id`, `material_index`, `active`, `create_timestamp`) VALUES ('1', '5', '1', '');
INSERT INTO `havfun_new`.`material` (`material_group_id`, `material_index`, `active`, `create_timestamp`) VALUES ('1', '6', '1', '');
INSERT INTO `havfun_new`.`material` (`material_group_id`, `material_index`, `active`, `create_timestamp`) VALUES ('1', '7', '1', '');
INSERT INTO `havfun_new`.`material` (`material_group_id`, `material_index`, `active`, `create_timestamp`) VALUES ('1', '8', '1', '');
INSERT INTO `havfun_new`.`material` (`material_group_id`, `material_index`, `active`, `create_timestamp`) VALUES ('1', '9', '1', '');
INSERT INTO `havfun_new`.`material` (`material_group_id`, `material_index`, `active`, `create_timestamp`) VALUES ('1', '10', '1', '');
INSERT INTO `havfun_new`.`material` (`material_group_id`, `material_index`, `active`, `create_timestamp`) VALUES ('1', '11', '1', '');
INSERT INTO `havfun_new`.`material` (`material_group_id`, `material_index`, `active`, `create_timestamp`) VALUES ('1', '12', '1', '');
INSERT INTO `havfun_new`.`material` (`material_group_id`, `material_index`, `active`, `create_timestamp`) VALUES ('1', '13', '1', '');
INSERT INTO `havfun_new`.`material` (`material_group_id`, `material_index`, `active`, `create_timestamp`) VALUES ('1', '14', '1', '');
INSERT INTO `havfun_new`.`material` (`material_group_id`, `material_index`, `active`, `create_timestamp`) VALUES ('1', '15', '1', '');
INSERT INTO `havfun_new`.`material` (`material_group_id`, `material_index`, `active`, `create_timestamp`) VALUES ('1', '16', '1', '');
INSERT INTO `havfun_new`.`material` (`material_group_id`, `material_index`, `active`, `create_timestamp`) VALUES ('1', '17', '1', '');
INSERT INTO `havfun_new`.`material` (`material_group_id`, `material_index`, `active`, `create_timestamp`) VALUES ('1', '18', '1', '');
INSERT INTO `havfun_new`.`material` (`material_group_id`, `material_index`, `active`, `create_timestamp`) VALUES ('1', '19', '1', '');
INSERT INTO `havfun_new`.`material` (`material_group_id`, `material_index`, `active`, `create_timestamp`) VALUES ('1', '20', '1', '');
INSERT INTO `havfun_new`.`material` (`material_group_id`, `material_index`, `active`, `create_timestamp`) VALUES ('1', '21', '1', '');
INSERT INTO `havfun_new`.`material` (`material_group_id`, `material_index`, `active`, `create_timestamp`) VALUES ('1', '22', '1', '');
INSERT INTO `havfun_new`.`material` (`material_group_id`, `material_index`, `active`, `create_timestamp`) VALUES ('1', '23', '1', '');
INSERT INTO `havfun_new`.`material` (`material_group_id`, `material_index`, `active`, `create_timestamp`) VALUES ('1', '24', '1', '');
INSERT INTO `havfun_new`.`material` (`material_group_id`, `material_index`, `active`, `create_timestamp`) VALUES ('1', '25', '1', '');
INSERT INTO `havfun_new`.`material` (`material_group_id`, `material_index`, `active`, `create_timestamp`) VALUES ('1', '26', '1', '');
INSERT INTO `havfun_new`.`material` (`material_group_id`, `material_index`, `active`, `create_timestamp`) VALUES ('1', '27', '1', '');
INSERT INTO `havfun_new`.`material` (`material_group_id`, `material_index`, `active`, `create_timestamp`) VALUES ('1', '28', '1', '');
INSERT INTO `havfun_new`.`material` (`material_group_id`, `material_index`, `active`, `create_timestamp`) VALUES ('1', '29', '1', '');
INSERT INTO `havfun_new`.`material` (`material_group_id`, `material_index`, `active`, `create_timestamp`) VALUES ('1', '30', '1', '');
INSERT INTO `havfun_new`.`material` (`material_group_id`, `material_index`, `active`, `create_timestamp`) VALUES ('1', '31', '1', '');
INSERT INTO `havfun_new`.`material` (`material_group_id`, `material_index`, `active`, `create_timestamp`) VALUES ('1', '32', '1', '');
INSERT INTO `havfun_new`.`material` (`material_group_id`, `material_index`, `active`, `create_timestamp`) VALUES ('1', '33', '1', '');
INSERT INTO `havfun_new`.`material` (`material_group_id`, `material_index`, `active`, `create_timestamp`) VALUES ('1', '34', '1', '');
INSERT INTO `havfun_new`.`material` (`material_group_id`, `material_index`, `active`, `create_timestamp`) VALUES ('1', '35', '1', '');
INSERT INTO `havfun_new`.`material` (`material_group_id`, `material_index`, `active`, `create_timestamp`) VALUES ('1', '36', '1', '');
INSERT INTO `havfun_new`.`material` (`material_group_id`, `material_index`, `active`, `create_timestamp`) VALUES ('1', '37', '1', '');
INSERT INTO `havfun_new`.`material` (`material_group_id`, `material_index`, `active`, `create_timestamp`) VALUES ('1', '38', '1', '');
INSERT INTO `havfun_new`.`material` (`material_group_id`, `material_index`, `active`, `create_timestamp`) VALUES ('1', '39', '1', '');
INSERT INTO `havfun_new`.`material` (`material_group_id`, `material_index`, `active`, `create_timestamp`) VALUES ('1', '40', '1', '');
INSERT INTO `havfun_new`.`material` (`material_group_id`, `material_index`, `active`, `create_timestamp`) VALUES ('1', '41', '1', '');
INSERT INTO `havfun_new`.`material` (`material_group_id`, `material_index`, `active`, `create_timestamp`) VALUES ('1', '42', '1', '');
INSERT INTO `havfun_new`.`material` (`material_group_id`, `material_index`, `active`, `create_timestamp`) VALUES ('1', '43', '1', '');
INSERT INTO `havfun_new`.`material` (`material_group_id`, `material_index`, `active`, `create_timestamp`) VALUES ('1', '44', '1', '');
INSERT INTO `havfun_new`.`material` (`material_group_id`, `material_index`, `active`, `create_timestamp`) VALUES ('1', '45', '1', '');
INSERT INTO `havfun_new`.`material` (`material_group_id`, `material_index`, `active`, `create_timestamp`) VALUES ('1', '46', '1', '');
INSERT INTO `havfun_new`.`material` (`material_group_id`, `material_index`, `active`, `create_timestamp`) VALUES ('1', '47', '1', '');
INSERT INTO `havfun_new`.`material` (`material_group_id`, `material_index`, `active`, `create_timestamp`) VALUES ('1', '48', '1', '');
INSERT INTO `havfun_new`.`material` (`material_group_id`, `material_index`, `active`, `create_timestamp`) VALUES ('1', '49', '1', '');
INSERT INTO `havfun_new`.`material` (`material_group_id`, `material_index`, `active`, `create_timestamp`) VALUES ('1', '50', '1', '');
INSERT INTO `havfun_new`.`material` (`material_group_id`, `material_index`, `active`, `create_timestamp`) VALUES ('1', '51', '1', '');
INSERT INTO `havfun_new`.`material` (`material_group_id`, `material_index`, `active`, `create_timestamp`) VALUES ('1', '52', '1', '');
INSERT INTO `havfun_new`.`material` (`material_group_id`, `material_index`, `active`, `create_timestamp`) VALUES ('1', '53', '1', '');
INSERT INTO `havfun_new`.`material` (`material_group_id`, `material_index`, `active`, `create_timestamp`) VALUES ('1', '54', '1', '');
INSERT INTO `havfun_new`.`material` (`material_group_id`, `material_index`, `active`, `create_timestamp`) VALUES ('1', '55', '1', '');
INSERT INTO `havfun_new`.`material` (`material_group_id`, `material_index`, `active`, `create_timestamp`) VALUES ('1', '56', '1', '');
INSERT INTO `havfun_new`.`material` (`material_group_id`, `material_index`, `active`, `create_timestamp`) VALUES ('1', '57', '1', '');
INSERT INTO `havfun_new`.`material` (`material_group_id`, `material_index`, `active`, `create_timestamp`) VALUES ('1', '58', '1', '');
INSERT INTO `havfun_new`.`material` (`material_group_id`, `material_index`, `active`, `create_timestamp`) VALUES ('1', '59', '1', '');
INSERT INTO `havfun_new`.`material` (`material_group_id`, `material_index`, `active`, `create_timestamp`) VALUES ('1', '60', '1', '');
INSERT INTO `havfun_new`.`material` (`material_group_id`, `material_index`, `active`, `create_timestamp`) VALUES ('1', '61', '1', '');
INSERT INTO `havfun_new`.`material` (`material_group_id`, `material_index`, `active`, `create_timestamp`) VALUES ('1', '62', '1', '');
INSERT INTO `havfun_new`.`material` (`material_group_id`, `material_index`, `active`, `create_timestamp`) VALUES ('1', '63', '1', '');
INSERT INTO `havfun_new`.`material` (`material_group_id`, `material_index`, `active`, `create_timestamp`) VALUES ('1', '64', '1', '');
INSERT INTO `havfun_new`.`material` (`material_group_id`, `material_index`, `active`, `create_timestamp`) VALUES ('1', '65', '1', '');
INSERT INTO `havfun_new`.`material` (`material_group_id`, `material_index`, `active`, `create_timestamp`) VALUES ('1', '66', '1', '');
INSERT INTO `havfun_new`.`material` (`material_group_id`, `material_index`, `active`, `create_timestamp`) VALUES ('1', '67', '1', '');
INSERT INTO `havfun_new`.`material` (`material_group_id`, `material_index`, `active`, `create_timestamp`) VALUES ('1', '68', '1', '');
INSERT INTO `havfun_new`.`material` (`material_group_id`, `material_index`, `active`, `create_timestamp`) VALUES ('1', '69', '1', '');
INSERT INTO `havfun_new`.`material` (`material_group_id`, `material_index`, `active`, `create_timestamp`) VALUES ('1', '70', '1', '');
INSERT INTO `havfun_new`.`material` (`material_group_id`, `material_index`, `active`, `create_timestamp`) VALUES ('1', '71', '1', '');
INSERT INTO `havfun_new`.`material` (`material_group_id`, `material_index`, `active`, `create_timestamp`) VALUES ('1', '72', '1', '');
INSERT INTO `havfun_new`.`material` (`material_group_id`, `material_index`, `active`, `create_timestamp`) VALUES ('1', '73', '1', '');
INSERT INTO `havfun_new`.`material` (`material_group_id`, `material_index`, `active`, `create_timestamp`) VALUES ('1', '74', '1', '');
INSERT INTO `havfun_new`.`material` (`material_group_id`, `material_index`, `active`, `create_timestamp`) VALUES ('1', '75', '1', '');
INSERT INTO `havfun_new`.`material` (`material_group_id`, `material_index`, `active`, `create_timestamp`) VALUES ('1', '76', '1', '');
INSERT INTO `havfun_new`.`material` (`material_group_id`, `material_index`, `active`, `create_timestamp`) VALUES ('1', '77', '1', '');
INSERT INTO `havfun_new`.`material` (`material_group_id`, `material_index`, `active`, `create_timestamp`) VALUES ('1', '78', '1', '');
INSERT INTO `havfun_new`.`material` (`material_group_id`, `material_index`, `active`, `create_timestamp`) VALUES ('1', '79', '1', '');
INSERT INTO `havfun_new`.`material` (`material_group_id`, `material_index`, `active`, `create_timestamp`) VALUES ('1', '80', '1', '');
INSERT INTO `havfun_new`.`material` (`material_group_id`, `material_index`, `active`, `create_timestamp`) VALUES ('1', '81', '1', '');
INSERT INTO `havfun_new`.`material` (`material_group_id`, `material_index`, `active`, `create_timestamp`) VALUES ('1', '82', '1', '');
INSERT INTO `havfun_new`.`material` (`material_group_id`, `material_index`, `active`, `create_timestamp`) VALUES ('1', '83', '1', '');
INSERT INTO `havfun_new`.`material` (`material_group_id`, `material_index`, `active`, `create_timestamp`) VALUES ('1', '84', '1', '');
INSERT INTO `havfun_new`.`material` (`material_group_id`, `material_index`, `active`, `create_timestamp`) VALUES ('1', '85', '1', '');

INSERT INTO `havfun_new`.`material` (`material_group_id`, `material_index`, `active`, `create_timestamp`) VALUES ('2', '1', '1', '');
INSERT INTO `havfun_new`.`material` (`material_group_id`, `material_index`, `active`, `create_timestamp`) VALUES ('2', '2', '1', '');
INSERT INTO `havfun_new`.`material` (`material_group_id`, `material_index`, `active`, `create_timestamp`) VALUES ('2', '3', '1', '');
INSERT INTO `havfun_new`.`material` (`material_group_id`, `material_index`, `active`, `create_timestamp`) VALUES ('2', '4', '1', '');
INSERT INTO `havfun_new`.`material` (`material_group_id`, `material_index`, `active`, `create_timestamp`) VALUES ('2', '5', '1', '');
INSERT INTO `havfun_new`.`material` (`material_group_id`, `material_index`, `active`, `create_timestamp`) VALUES ('2', '6', '1', '');
INSERT INTO `havfun_new`.`material` (`material_group_id`, `material_index`, `active`, `create_timestamp`) VALUES ('2', '7', '1', '');
INSERT INTO `havfun_new`.`material` (`material_group_id`, `material_index`, `active`, `create_timestamp`) VALUES ('2', '8', '1', '');
INSERT INTO `havfun_new`.`material` (`material_group_id`, `material_index`, `active`, `create_timestamp`) VALUES ('2', '9', '1', '');
INSERT INTO `havfun_new`.`material` (`material_group_id`, `material_index`, `active`, `create_timestamp`) VALUES ('2', '10', '1', '');
INSERT INTO `havfun_new`.`material` (`material_group_id`, `material_index`, `active`, `create_timestamp`) VALUES ('2', '11', '1', '');
INSERT INTO `havfun_new`.`material` (`material_group_id`, `material_index`, `active`, `create_timestamp`) VALUES ('2', '12', '1', '');
INSERT INTO `havfun_new`.`material` (`material_group_id`, `material_index`, `active`, `create_timestamp`) VALUES ('2', '13', '1', '');
INSERT INTO `havfun_new`.`material` (`material_group_id`, `material_index`, `active`, `create_timestamp`) VALUES ('2', '14', '1', '');
INSERT INTO `havfun_new`.`material` (`material_group_id`, `material_index`, `active`, `create_timestamp`) VALUES ('2', '15', '1', '');
INSERT INTO `havfun_new`.`material` (`material_group_id`, `material_index`, `active`, `create_timestamp`) VALUES ('2', '16', '1', '');
INSERT INTO `havfun_new`.`material` (`material_group_id`, `material_index`, `active`, `create_timestamp`) VALUES ('2', '17', '1', '');
INSERT INTO `havfun_new`.`material` (`material_group_id`, `material_index`, `active`, `create_timestamp`) VALUES ('2', '18', '1', '');
INSERT INTO `havfun_new`.`material` (`material_group_id`, `material_index`, `active`, `create_timestamp`) VALUES ('2', '19', '1', '');
INSERT INTO `havfun_new`.`material` (`material_group_id`, `material_index`, `active`, `create_timestamp`) VALUES ('2', '20', '1', '');
INSERT INTO `havfun_new`.`material` (`material_group_id`, `material_index`, `active`, `create_timestamp`) VALUES ('2', '21', '1', '');
INSERT INTO `havfun_new`.`material` (`material_group_id`, `material_index`, `active`, `create_timestamp`) VALUES ('2', '22', '1', '');
INSERT INTO `havfun_new`.`material` (`material_group_id`, `material_index`, `active`, `create_timestamp`) VALUES ('2', '23', '1', '');
INSERT INTO `havfun_new`.`material` (`material_group_id`, `material_index`, `active`, `create_timestamp`) VALUES ('2', '24', '1', '');
INSERT INTO `havfun_new`.`material` (`material_group_id`, `material_index`, `active`, `create_timestamp`) VALUES ('2', '25', '1', '');
INSERT INTO `havfun_new`.`material` (`material_group_id`, `material_index`, `active`, `create_timestamp`) VALUES ('2', '26', '1', '');
INSERT INTO `havfun_new`.`material` (`material_group_id`, `material_index`, `active`, `create_timestamp`) VALUES ('2', '27', '1', '');
INSERT INTO `havfun_new`.`material` (`material_group_id`, `material_index`, `active`, `create_timestamp`) VALUES ('2', '28', '1', '');
INSERT INTO `havfun_new`.`material` (`material_group_id`, `material_index`, `active`, `create_timestamp`) VALUES ('2', '29', '1', '');
INSERT INTO `havfun_new`.`material` (`material_group_id`, `material_index`, `active`, `create_timestamp`) VALUES ('2', '30', '1', '');
INSERT INTO `havfun_new`.`material` (`material_group_id`, `material_index`, `active`, `create_timestamp`) VALUES ('2', '31', '1', '');
INSERT INTO `havfun_new`.`material` (`material_group_id`, `material_index`, `active`, `create_timestamp`) VALUES ('2', '32', '1', '');
INSERT INTO `havfun_new`.`material` (`material_group_id`, `material_index`, `active`, `create_timestamp`) VALUES ('2', '33', '1', '');
INSERT INTO `havfun_new`.`material` (`material_group_id`, `material_index`, `active`, `create_timestamp`) VALUES ('2', '34', '1', '');
INSERT INTO `havfun_new`.`material` (`material_group_id`, `material_index`, `active`, `create_timestamp`) VALUES ('2', '35', '1', '');
INSERT INTO `havfun_new`.`material` (`material_group_id`, `material_index`, `active`, `create_timestamp`) VALUES ('2', '36', '1', '');
INSERT INTO `havfun_new`.`material` (`material_group_id`, `material_index`, `active`, `create_timestamp`) VALUES ('2', '37', '1', '');
INSERT INTO `havfun_new`.`material` (`material_group_id`, `material_index`, `active`, `create_timestamp`) VALUES ('2', '38', '1', '');
INSERT INTO `havfun_new`.`material` (`material_group_id`, `material_index`, `active`, `create_timestamp`) VALUES ('2', '39', '1', '');
INSERT INTO `havfun_new`.`material` (`material_group_id`, `material_index`, `active`, `create_timestamp`) VALUES ('2', '40', '1', '');
INSERT INTO `havfun_new`.`material` (`material_group_id`, `material_index`, `active`, `create_timestamp`) VALUES ('2', '41', '1', '');
INSERT INTO `havfun_new`.`material` (`material_group_id`, `material_index`, `active`, `create_timestamp`) VALUES ('2', '42', '1', '');
INSERT INTO `havfun_new`.`material` (`material_group_id`, `material_index`, `active`, `create_timestamp`) VALUES ('2', '43', '1', '');
INSERT INTO `havfun_new`.`material` (`material_group_id`, `material_index`, `active`, `create_timestamp`) VALUES ('2', '44', '1', '');
INSERT INTO `havfun_new`.`material` (`material_group_id`, `material_index`, `active`, `create_timestamp`) VALUES ('2', '45', '1', '');
INSERT INTO `havfun_new`.`material` (`material_group_id`, `material_index`, `active`, `create_timestamp`) VALUES ('2', '46', '1', '');
INSERT INTO `havfun_new`.`material` (`material_group_id`, `material_index`, `active`, `create_timestamp`) VALUES ('2', '47', '1', '');
INSERT INTO `havfun_new`.`material` (`material_group_id`, `material_index`, `active`, `create_timestamp`) VALUES ('2', '48', '1', '');
INSERT INTO `havfun_new`.`material` (`material_group_id`, `material_index`, `active`, `create_timestamp`) VALUES ('2', '49', '1', '');
INSERT INTO `havfun_new`.`material` (`material_group_id`, `material_index`, `active`, `create_timestamp`) VALUES ('2', '50', '1', '');
INSERT INTO `havfun_new`.`material` (`material_group_id`, `material_index`, `active`, `create_timestamp`) VALUES ('2', '51', '1', '');
INSERT INTO `havfun_new`.`material` (`material_group_id`, `material_index`, `active`, `create_timestamp`) VALUES ('2', '52', '1', '');
INSERT INTO `havfun_new`.`material` (`material_group_id`, `material_index`, `active`, `create_timestamp`) VALUES ('2', '53', '1', '');
INSERT INTO `havfun_new`.`material` (`material_group_id`, `material_index`, `active`, `create_timestamp`) VALUES ('2', '54', '1', '');
INSERT INTO `havfun_new`.`material` (`material_group_id`, `material_index`, `active`, `create_timestamp`) VALUES ('2', '55', '1', '');
INSERT INTO `havfun_new`.`material` (`material_group_id`, `material_index`, `active`, `create_timestamp`) VALUES ('2', '56', '1', '');
INSERT INTO `havfun_new`.`material` (`material_group_id`, `material_index`, `active`, `create_timestamp`) VALUES ('2', '57', '1', '');
INSERT INTO `havfun_new`.`material` (`material_group_id`, `material_index`, `active`, `create_timestamp`) VALUES ('2', '58', '1', '');
INSERT INTO `havfun_new`.`material` (`material_group_id`, `material_index`, `active`, `create_timestamp`) VALUES ('2', '59', '1', '');
INSERT INTO `havfun_new`.`material` (`material_group_id`, `material_index`, `active`, `create_timestamp`) VALUES ('2', '60', '1', '');
INSERT INTO `havfun_new`.`material` (`material_group_id`, `material_index`, `active`, `create_timestamp`) VALUES ('2', '61', '1', '');
INSERT INTO `havfun_new`.`material` (`material_group_id`, `material_index`, `active`, `create_timestamp`) VALUES ('2', '62', '1', '');
INSERT INTO `havfun_new`.`material` (`material_group_id`, `material_index`, `active`, `create_timestamp`) VALUES ('2', '63', '1', '');
INSERT INTO `havfun_new`.`material` (`material_group_id`, `material_index`, `active`, `create_timestamp`) VALUES ('2', '64', '1', '');
INSERT INTO `havfun_new`.`material` (`material_group_id`, `material_index`, `active`, `create_timestamp`) VALUES ('2', '65', '1', '');
INSERT INTO `havfun_new`.`material` (`material_group_id`, `material_index`, `active`, `create_timestamp`) VALUES ('2', '66', '1', '');
INSERT INTO `havfun_new`.`material` (`material_group_id`, `material_index`, `active`, `create_timestamp`) VALUES ('2', '67', '1', '');
INSERT INTO `havfun_new`.`material` (`material_group_id`, `material_index`, `active`, `create_timestamp`) VALUES ('2', '68', '1', '');
INSERT INTO `havfun_new`.`material` (`material_group_id`, `material_index`, `active`, `create_timestamp`) VALUES ('2', '69', '1', '');
INSERT INTO `havfun_new`.`material` (`material_group_id`, `material_index`, `active`, `create_timestamp`) VALUES ('2', '70', '1', '');
INSERT INTO `havfun_new`.`material` (`material_group_id`, `material_index`, `active`, `create_timestamp`) VALUES ('2', '71', '1', '');
INSERT INTO `havfun_new`.`material` (`material_group_id`, `material_index`, `active`, `create_timestamp`) VALUES ('2', '72', '1', '');
INSERT INTO `havfun_new`.`material` (`material_group_id`, `material_index`, `active`, `create_timestamp`) VALUES ('2', '73', '1', '');
INSERT INTO `havfun_new`.`material` (`material_group_id`, `material_index`, `active`, `create_timestamp`) VALUES ('2', '74', '1', '');
INSERT INTO `havfun_new`.`material` (`material_group_id`, `material_index`, `active`, `create_timestamp`) VALUES ('2', '75', '1', '');
INSERT INTO `havfun_new`.`material` (`material_group_id`, `material_index`, `active`, `create_timestamp`) VALUES ('2', '76', '1', '');
INSERT INTO `havfun_new`.`material` (`material_group_id`, `material_index`, `active`, `create_timestamp`) VALUES ('2', '77', '1', '');
INSERT INTO `havfun_new`.`material` (`material_group_id`, `material_index`, `active`, `create_timestamp`) VALUES ('2', '78', '1', '');
INSERT INTO `havfun_new`.`material` (`material_group_id`, `material_index`, `active`, `create_timestamp`) VALUES ('2', '79', '1', '');
INSERT INTO `havfun_new`.`material` (`material_group_id`, `material_index`, `active`, `create_timestamp`) VALUES ('2', '80', '1', '');
INSERT INTO `havfun_new`.`material` (`material_group_id`, `material_index`, `active`, `create_timestamp`) VALUES ('2', '81', '1', '');
INSERT INTO `havfun_new`.`material` (`material_group_id`, `material_index`, `active`, `create_timestamp`) VALUES ('2', '82', '1', '');
INSERT INTO `havfun_new`.`material` (`material_group_id`, `material_index`, `active`, `create_timestamp`) VALUES ('2', '83', '1', '');
INSERT INTO `havfun_new`.`material` (`material_group_id`, `material_index`, `active`, `create_timestamp`) VALUES ('2', '84', '1', '');
INSERT INTO `havfun_new`.`material` (`material_group_id`, `material_index`, `active`, `create_timestamp`) VALUES ('2', '85', '1', '');
INSERT INTO `havfun_new`.`material` (`material_group_id`, `material_index`, `active`, `create_timestamp`) VALUES ('2', '86', '1', '');
INSERT INTO `havfun_new`.`material` (`material_group_id`, `material_index`, `active`, `create_timestamp`) VALUES ('2', '87', '1', '');
INSERT INTO `havfun_new`.`material` (`material_group_id`, `material_index`, `active`, `create_timestamp`) VALUES ('2', '88', '1', '');
INSERT INTO `havfun_new`.`material` (`material_group_id`, `material_index`, `active`, `create_timestamp`) VALUES ('2', '89', '1', '');
INSERT INTO `havfun_new`.`material` (`material_group_id`, `material_index`, `active`, `create_timestamp`) VALUES ('2', '90', '1', '');
INSERT INTO `havfun_new`.`material` (`material_group_id`, `material_index`, `active`, `create_timestamp`) VALUES ('2', '91', '1', '');
INSERT INTO `havfun_new`.`material` (`material_group_id`, `material_index`, `active`, `create_timestamp`) VALUES ('2', '92', '1', '');
INSERT INTO `havfun_new`.`material` (`material_group_id`, `material_index`, `active`, `create_timestamp`) VALUES ('2', '93', '1', '');
INSERT INTO `havfun_new`.`material` (`material_group_id`, `material_index`, `active`, `create_timestamp`) VALUES ('2', '94', '1', '');
INSERT INTO `havfun_new`.`material` (`material_group_id`, `material_index`, `active`, `create_timestamp`) VALUES ('2', '95', '1', '');
INSERT INTO `havfun_new`.`material` (`material_group_id`, `material_index`, `active`, `create_timestamp`) VALUES ('2', '96', '1', '');
INSERT INTO `havfun_new`.`material` (`material_group_id`, `material_index`, `active`, `create_timestamp`) VALUES ('2', '97', '1', '');
INSERT INTO `havfun_new`.`material` (`material_group_id`, `material_index`, `active`, `create_timestamp`) VALUES ('2', '98', '1', '');
INSERT INTO `havfun_new`.`material` (`material_group_id`, `material_index`, `active`, `create_timestamp`) VALUES ('2', '99', '1', '');
INSERT INTO `havfun_new`.`material` (`material_group_id`, `material_index`, `active`, `create_timestamp`) VALUES ('2', '100', '1', '');
INSERT INTO `havfun_new`.`material` (`material_group_id`, `material_index`, `active`, `create_timestamp`) VALUES ('2', '101', '1', '');
INSERT INTO `havfun_new`.`material` (`material_group_id`, `material_index`, `active`, `create_timestamp`) VALUES ('2', '102', '1', '');
INSERT INTO `havfun_new`.`material` (`material_group_id`, `material_index`, `active`, `create_timestamp`) VALUES ('2', '103', '1', '');
INSERT INTO `havfun_new`.`material` (`material_group_id`, `material_index`, `active`, `create_timestamp`) VALUES ('2', '104', '1', '');
INSERT INTO `havfun_new`.`material` (`material_group_id`, `material_index`, `active`, `create_timestamp`) VALUES ('2', '105', '1', '');
INSERT INTO `havfun_new`.`material` (`material_group_id`, `material_index`, `active`, `create_timestamp`) VALUES ('2', '106', '1', '');
INSERT INTO `havfun_new`.`material` (`material_group_id`, `material_index`, `active`, `create_timestamp`) VALUES ('2', '107', '1', '');
INSERT INTO `havfun_new`.`material` (`material_group_id`, `material_index`, `active`, `create_timestamp`) VALUES ('2', '108', '1', '');
INSERT INTO `havfun_new`.`material` (`material_group_id`, `material_index`, `active`, `create_timestamp`) VALUES ('2', '109', '1', '');
INSERT INTO `havfun_new`.`material` (`material_group_id`, `material_index`, `active`, `create_timestamp`) VALUES ('2', '110', '1', '');
INSERT INTO `havfun_new`.`material` (`material_group_id`, `material_index`, `active`, `create_timestamp`) VALUES ('2', '111', '1', '');
INSERT INTO `havfun_new`.`material` (`material_group_id`, `material_index`, `active`, `create_timestamp`) VALUES ('2', '112', '1', '');
INSERT INTO `havfun_new`.`material` (`material_group_id`, `material_index`, `active`, `create_timestamp`) VALUES ('2', '113', '1', '');
INSERT INTO `havfun_new`.`material` (`material_group_id`, `material_index`, `active`, `create_timestamp`) VALUES ('2', '114', '1', '');
INSERT INTO `havfun_new`.`material` (`material_group_id`, `material_index`, `active`, `create_timestamp`) VALUES ('2', '115', '1', '');
INSERT INTO `havfun_new`.`material` (`material_group_id`, `material_index`, `active`, `create_timestamp`) VALUES ('2', '116', '1', '');
INSERT INTO `havfun_new`.`material` (`material_group_id`, `material_index`, `active`, `create_timestamp`) VALUES ('2', '117', '1', '');
INSERT INTO `havfun_new`.`material` (`material_group_id`, `material_index`, `active`, `create_timestamp`) VALUES ('2', '118', '1', '');
INSERT INTO `havfun_new`.`material` (`material_group_id`, `material_index`, `active`, `create_timestamp`) VALUES ('2', '119', '1', '');
INSERT INTO `havfun_new`.`material` (`material_group_id`, `material_index`, `active`, `create_timestamp`) VALUES ('2', '120', '1', '');
INSERT INTO `havfun_new`.`material` (`material_group_id`, `material_index`, `active`, `create_timestamp`) VALUES ('2', '121', '1', '');
INSERT INTO `havfun_new`.`material` (`material_group_id`, `material_index`, `active`, `create_timestamp`) VALUES ('2', '122', '1', '');
INSERT INTO `havfun_new`.`material` (`material_group_id`, `material_index`, `active`, `create_timestamp`) VALUES ('2', '123', '1', '');
INSERT INTO `havfun_new`.`material` (`material_group_id`, `material_index`, `active`, `create_timestamp`) VALUES ('2', '124', '1', '');
INSERT INTO `havfun_new`.`material` (`material_group_id`, `material_index`, `active`, `create_timestamp`) VALUES ('2', '125', '1', '');
INSERT INTO `havfun_new`.`material` (`material_group_id`, `material_index`, `active`, `create_timestamp`) VALUES ('2', '126', '1', '');
INSERT INTO `havfun_new`.`material` (`material_group_id`, `material_index`, `active`, `create_timestamp`) VALUES ('2', '127', '1', '');
INSERT INTO `havfun_new`.`material` (`material_group_id`, `material_index`, `active`, `create_timestamp`) VALUES ('2', '128', '1', '');
INSERT INTO `havfun_new`.`material` (`material_group_id`, `material_index`, `active`, `create_timestamp`) VALUES ('2', '129', '1', '');
INSERT INTO `havfun_new`.`material` (`material_group_id`, `material_index`, `active`, `create_timestamp`) VALUES ('2', '130', '1', '');
INSERT INTO `havfun_new`.`material` (`material_group_id`, `material_index`, `active`, `create_timestamp`) VALUES ('2', '131', '1', '');
INSERT INTO `havfun_new`.`material` (`material_group_id`, `material_index`, `active`, `create_timestamp`) VALUES ('2', '132', '1', '');
INSERT INTO `havfun_new`.`material` (`material_group_id`, `material_index`, `active`, `create_timestamp`) VALUES ('2', '133', '1', '');
INSERT INTO `havfun_new`.`material` (`material_group_id`, `material_index`, `active`, `create_timestamp`) VALUES ('2', '134', '1', '');
INSERT INTO `havfun_new`.`material` (`material_group_id`, `material_index`, `active`, `create_timestamp`) VALUES ('2', '135', '1', '');
INSERT INTO `havfun_new`.`material` (`material_group_id`, `material_index`, `active`, `create_timestamp`) VALUES ('2', '136', '1', '');

